{
  "id": "1554180",
  "name": "物几",
  "font_family": "iconfont",
  "css_prefix_text": "icon-",
  "description": "",
  "glyphs": [
    {
      "icon_id": "20890",
      "name": "卫浴",
      "font_class": "weiyu",
      "unicode": "e603",
      "unicode_decimal": 58883
    },
    {
      "icon_id": "104707",
      "name": "桌子",
      "font_class": "icontable",
      "unicode": "e608",
      "unicode_decimal": 58888
    },
    {
      "icon_id": "127606",
      "name": "书房",
      "font_class": "ic7",
      "unicode": "e643",
      "unicode_decimal": 58947
    },
    {
      "icon_id": "390221",
      "name": "厨房",
      "font_class": "kitchen",
      "unicode": "e665",
      "unicode_decimal": 58981
    },
    {
      "icon_id": "610739",
      "name": "我",
      "font_class": "wo",
      "unicode": "e604",
      "unicode_decimal": 58884
    },
    {
      "icon_id": "930907",
      "name": "沙发",
      "font_class": "shafa",
      "unicode": "e69d",
      "unicode_decimal": 59037
    },
    {
      "icon_id": "1639747",
      "name": "消息",
      "font_class": "message",
      "unicode": "e600",
      "unicode_decimal": 58880
    },
    {
      "icon_id": "2799405",
      "name": "阳台",
      "font_class": "yangtai",
      "unicode": "e605",
      "unicode_decimal": 58885
    },
    {
      "icon_id": "3294631",
      "name": "类目 品类 分类 类别-2-02",
      "font_class": "category",
      "unicode": "e601",
      "unicode_decimal": 58881
    },
    {
      "icon_id": "3327905",
      "name": "分 享",
      "font_class": "fenxiang",
      "unicode": "e618",
      "unicode_decimal": 58904
    },
    {
      "icon_id": "3585023",
      "name": "柜架",
      "font_class": "guijia",
      "unicode": "e68d",
      "unicode_decimal": 59021
    },
    {
      "icon_id": "3585026",
      "name": "椅凳",
      "font_class": "yideng",
      "unicode": "e68f",
      "unicode_decimal": 59023
    },
    {
      "icon_id": "4359672",
      "name": "浴室",
      "font_class": "yushi",
      "unicode": "e689",
      "unicode_decimal": 59017
    },
    {
      "icon_id": "4649010",
      "name": "客厅",
      "font_class": "keting",
      "unicode": "e60f",
      "unicode_decimal": 58895
    },
    {
      "icon_id": "4898554",
      "name": "装饰",
      "font_class": "zhuangshi",
      "unicode": "e637",
      "unicode_decimal": 58935
    },
    {
      "icon_id": "5155218",
      "name": "减少",
      "font_class": "jianshao",
      "unicode": "e60a",
      "unicode_decimal": 58890
    },
    {
      "icon_id": "5214748",
      "name": "收纳",
      "font_class": "shouna",
      "unicode": "e60b",
      "unicode_decimal": 58891
    },
    {
      "icon_id": "5308432",
      "name": "首页-选中",
      "font_class": "index",
      "unicode": "e602",
      "unicode_decimal": 58882
    },
    {
      "icon_id": "5702212",
      "name": "家纺",
      "font_class": "jiafang",
      "unicode": "e606",
      "unicode_decimal": 58886
    },
    {
      "icon_id": "6628533",
      "name": "茶几 ",
      "font_class": "chaji",
      "unicode": "e722",
      "unicode_decimal": 59170
    },
    {
      "icon_id": "6918722",
      "name": "卧室",
      "font_class": "woshix-",
      "unicode": "e6b4",
      "unicode_decimal": 59060
    },
    {
      "icon_id": "7814958",
      "name": "灯具",
      "font_class": "zu",
      "unicode": "e60c",
      "unicode_decimal": 58892
    },
    {
      "icon_id": "8082228",
      "name": "床",
      "font_class": "chuang",
      "unicode": "ec13",
      "unicode_decimal": 60435
    },
    {
      "icon_id": "8328962",
      "name": "重置",
      "font_class": "redo",
      "unicode": "e656",
      "unicode_decimal": 58966
    },
    {
      "icon_id": "8505473",
      "name": "灵感",
      "font_class": "linggan",
      "unicode": "e616",
      "unicode_decimal": 58902
    },
    {
      "icon_id": "9660256",
      "name": "收 藏",
      "font_class": "shoucang",
      "unicode": "e609",
      "unicode_decimal": 58889
    },
    {
      "icon_id": "9880170",
      "name": "添加",
      "font_class": "add-fill",
      "unicode": "e6ab",
      "unicode_decimal": 59051
    },
    {
      "icon_id": "9907149",
      "name": "餐具",
      "font_class": "canju",
      "unicode": "e607",
      "unicode_decimal": 58887
    },
    {
      "icon_id": "11331087",
      "name": "购物 车",
      "font_class": "gouwuche",
      "unicode": "e60d",
      "unicode_decimal": 58893
    },
    {
      "icon_id": "12102732",
      "name": "筛 选",
      "font_class": "shaixuan",
      "unicode": "e640",
      "unicode_decimal": 58944
    }
  ]
}
